symbol,displayName,displayNameEn,positionOpenType,baseCoin,quoteCoin,baseCoinName,quoteCoinName,futureType,settleCoin,contractSize,minLeverage,maxLeverage,countryConfigContractMaxLeverage,priceScale,volScale,amountScale,priceUnit,volUnit,minVol,maxVol,bidLimitPriceRate,askLimitPriceRate,takerFeeRate,makerFeeRate,maintenanceMarginRate,initialMarginRate,riskBaseVol,riskIncrVol,riskLongShortSwitch,riskIncrMmr,riskIncrImr,riskLevelLimit,priceCoefficientVariation,indexOrigin,state,isNew,isHot,isHidden,conceptPlate,conceptPlateId,riskLimitType,maxNumOrders,marketOrderMaxLevel,marketOrderPriceLimitRate1,marketOrderPriceLimitRate2,triggerProtect,appraisal,showAppraisalCountdown,automaticDelivery,apiAllowed,depthStepList,limitMaxVol,threshold,baseCoinIconUrl,id,vid,baseCoinId,createTime,openingTime,openingCountdownOption,showBeforeOpen,isMaxLeverage,isZeroFeeRate,riskLimitMode,isZeroFeeSymbol,riskLimitCustom,deliveryTime,deliveryPriceTrend
1000BONK_USDT,1000BONK_USDT永续,1000BONK_USDT PERPETUAL,3,1000BONK,USDT,1000BONK,USDT,1,USDT,10000.0,1,125,0,6,0,4,1e-06,1,1,7000,0.2,0.2,0.0,0,0.004,0.008,7000,7000,0,0.056,0.092,1,0.2,"['BITGET', 'BYBIT', 'BINANCE', 'HTX', 'OKX', 'MEXC', 'KUCOIN']",0,False,False,False,"['mc-trade-zone-0fees', 'mc-trade-zone-MEME']","[45, 29]",BY_VOLUME,"[200, 50]",20,0.2,0.005,0.1,0,0,0,False,"['0.000001', '0.00001']",7000,0,https://public.mocortech.com/coin/F20230701183339957f6FILkmD4OXkNx.png,388,128f589271cb4951b03e71e6323eb7be,,1682234025000,0,1,True,False,True,INCREASE,True,,,
1INCH_USDT,1INCH_USDT永续,1INCH_USDT PERPETUAL,3,1INCH,USDT,1INCH,USDT,1,USDT,1.0,1,200,0,4,0,4,0.0001,1,1,770000,0.2,0.2,0.0,0,0.004,0.005,770000,770000,0,0.056,0.095,1,0.2,"['BITGET', 'BYBIT', 'BINANCE', 'OKX', 'MEXC']",0,False,False,False,['mc-trade-zone-0fees'],[45],BY_VOLUME,"[200, 50]",20,0.2,0.005,0.1,0,0,0,False,"['0.0001', '0.001', '0.01']",770000,0,https://public.mocortech.com/coin/F20210423145109842epcoefNYmlEV5b.png,79,128f589271cb4951b03e71e6323eb7be,94bdc6c5ad054d79b5f0962a44e513fc,1608891389000,0,1,True,False,True,INCREASE,True,,,
AAVE_USDT,AAVE_USDT永续,AAVE_USDT PERPETUAL,3,AAVE,USDT,AAVE,USDT,1,USDT,0.01,1,200,0,2,0,4,0.01,1,1,750000,0.2,0.2,0.0,0,0.004,0.005,750000,750000,0,0.056,0.095,1,0.2,"['BITGET', 'BINANCE', 'MEXC', 'KUCOIN']",0,False,False,False,['mc-trade-zone-0fees'],[45],BY_VOLUME,"[200, 50]",20,0.2,0.005,0.1,0,0,0,False,"['0.01', '0.1', '1']",750000,0,https://public.mocortech.com/coin/F20210517144223460epQP5CDTW9Y2kc.png,62,128f589271cb4951b03e71e6323eb7be,be5984068aa142c89100831e7bc34e27,1602819218000,0,1,True,False,True,INCREASE,True,,,
ADA_USDT,ADA_USDT永续,ADA_USDT PERPETUAL,3,ADA,USDT,ADA,USDT,1,USDT,1.0,1,200,0,4,0,4,0.0001,1,1,2800000,0.1,0.1,0.0,0,0.004,0.005,2800000,2800000,0,0.056,0.095,1,0.2,"['BITGET', 'BYBIT', 'BINANCE', 'OKX', 'MEXC', 'KUCOIN']",0,False,False,False,['mc-trade-zone-0fees'],[45],BY_VOLUME,"[200, 50]",20,0.2,0.005,0.1,0,0,0,False,"['0.0001', '0.001', '0.01']",2800000,0,https://public.mocortech.com/coin/F20210422152002914k5dNIzkG3B2JdR.png,27,128f589271cb4951b03e71e6323eb7be,2e42b66d3b774954b26146f7f2055b5c,1594213380000,0,1,True,False,True,INCREASE,True,,,
AI16Z_USDT,AI16Z_USDT永续,AI16Z_USDT PERPETUAL,3,AI16Z,USDT,AI16Z,USDT,1,USDT,1.0,1,100,0,4,0,4,0.0001,1,1,220000,0.2,0.2,0.0,0,0.005,0.01,220000,220000,0,0.055,0.09,1,0.2,['MEXC'],0,False,False,False,['mc-trade-zone-0fees'],[45],BY_VOLUME,"[200, 50]",20,0.2,0.005,0.1,0,0,0,False,"['0.0001', '0.001']",220000,0,https://public.mocortech.com/coin/F20241213105408673SgUMMDJygb1fjK.jpeg,886,128f589271cb4951b03e71e6323eb7be,2b8470c517fa48698da99f2dae11896d,1734580041000,1734581520000,1,False,False,True,INCREASE,True,,,
AIXBT_USDT,AIXBT_USDT永续,AIXBT_USDT PERPETUAL,3,AIXBT,USDT,AIXBT,USDT,1,USDT,10.0,1,100,0,5,0,4,1e-05,1,1,140000,0.2,0.2,0.0,0,0.005,0.01,140000,140000,0,0.005,0.005,1,0.2,"['BITGET', 'HTX', 'MEXC', 'KUCOIN']",0,False,False,False,['mc-trade-zone-0fees'],[45],BY_VOLUME,"[200, 50]",20,0.2,0.005,0.1,0,0,0,False,"['0.00001', '0.0001']",140000,0,https://public.mocortech.com/coin/F20241203193955823vJ2ZXXE5Jge6uE.png,842,128f589271cb4951b03e71e6323eb7be,9b8d4c617855489bae1c9ab0ecae3f05,1733226467000,1733227260000,1,True,False,True,INCREASE,True,,,
ALGO_USDT,ALGO_USDT永续,ALGO_USDT PERPETUAL,3,ALGO,USDT,ALGO,USDT,1,USDT,1.0,1,200,0,4,0,4,0.0001,1,1,4000000,0.1,0.1,0.0,0,0.004,0.005,4000000,4000000,0,0.056,0.095,1,0.2,"['BYBIT', 'BINANCE', 'OKX', 'MEXC', 'KUCOIN']",0,False,False,False,['mc-trade-zone-0fees'],[45],BY_VOLUME,"[200, 50]",20,0.2,0.005,0.1,0,0,0,False,"['0.0001', '0.001', '0.01']",4000000,0,https://public.mocortech.com/coin/F202105170951325992bZ85aCtfi7jra.png,30,128f589271cb4951b03e71e6323eb7be,4b8b1f5af3fa4c2f997df7f2f571ec2f,1595473052000,0,1,True,False,True,INCREASE,True,,,
APE_USDT,APE_USDT永续,APE_USDT PERPETUAL,3,APE,USDT,APE,USDT,1,USDT,1.0,1,200,0,4,0,4,0.0001,1,1,2000000,0.2,0.2,0.0,0,0.004,0.005,2000000,2000000,0,0.056,0.095,1,0.2,"['BITGET', 'BYBIT', 'BINANCE', 'OKX', 'MEXC', 'KUCOIN']",0,False,False,False,"['mc-trade-zone-0fees', 'mc-trade-zone-metaverse', 'mc-trade-zone-nft']","[45, 18, 3]",BY_VOLUME,"[200, 50]",20,0.2,0.005,0.1,0,0,0,False,"['0.0001', '0.001', '0.01']",2000000,0,https://public.mocortech.com/coin/F20230701181430775JpWi86Wramj9K2.png,244,128f589271cb4951b03e71e6323eb7be,65673ac641494838b7d83eca1af5311d,1647530224000,0,1,True,False,True,INCREASE,True,,,
ARB_USDT,ARB_USDT永续,ARB_USDT PERPETUAL,3,ARB,USDT,ARB,USDT,1,USDT,1.0,1,200,0,4,0,4,0.0001,1,1,2200000,0.2,0.2,0.0,0,0.004,0.005,2200000,2200000,0,0.056,0.095,1,0.2,"['BITGET', 'BYBIT', 'BINANCE', 'OKX', 'MEXC', 'KUCOIN']",0,False,False,False,['mc-trade-zone-Arbitrum'],[24],BY_VOLUME,"[200, 50]",20,0.2,0.005,0.1,0,0,0,False,"['0.0001', '0.001']",2200000,0,https://public.mocortech.com/coin/F20250226183511539vySwkQrG3PPOoF.jpg,342,128f589271cb4951b03e71e6323eb7be,4be902988b78471ea7c69c3123ce6c81,1679578751000,0,1,True,False,True,INCREASE,True,,,
AR_USDT,AR_USDT永续,AR_USDT PERPETUAL,3,AR,USDT,AR,USDT,1,USDT,0.1,1,75,0,3,0,4,0.001,1,1,330000,0.2,0.2,0.0,0,0.007,0.0133,330000,330000,0,0.053,0.0866,1,0.2,"['BITGET', 'BYBIT', 'BINANCE', 'HTX', 'OKX', 'MEXC', 'KUCOIN']",0,False,False,False,"['mc-trade-zone-0fees', 'mc-trade-zone-SOL', 'mc-trade-zone-web3']","[45, 37, 19]",BY_VOLUME,"[200, 50]",20,0.2,0.005,0.1,0,0,0,False,"['0.001', '0.01', '0.1']",330000,0,https://public.mocortech.com/coin/F202104191447299543HkQSMlQWo4dzr.png,167,128f589271cb4951b03e71e6323eb7be,08be0b53572c44b5a2ad9df962a9d36e,1635912011000,0,1,True,False,True,INCREASE,True,,,
ATOM_USDT,ATOM_USDT永续,ATOM_USDT PERPETUAL,3,ATOM,USDT,ATOM,USDT,1,USDT,0.1,1,200,0,3,0,4,0.001,1,1,1700000,0.2,0.2,0.0,0,0.004,0.005,1700000,1700000,0,0.056,0.095,1,0.2,"['BITGET', 'BYBIT', 'BINANCE', 'MEXC', 'KUCOIN']",0,False,False,False,['mc-trade-zone-0fees'],[45],BY_VOLUME,"[200, 50]",20,0.2,0.005,0.1,0,0,0,False,"['0.001', '0.01', '0.1', '1']",1700000,0,https://public.mocortech.com/coin/F20210422152708808YYoHfLQImXFIhn.png,19,128f589271cb4951b03e71e6323eb7be,8230684e20094b5395cb649448e9851a,1592820787000,0,1,True,False,True,INCREASE,True,,,
AVAX_USDT,AVAX_USDT永续,AVAX_USDT PERPETUAL,3,AVAX,USDT,AVAX,USDT,1,USDT,0.1,1,200,0,3,0,4,0.001,1,1,640000,0.2,0.2,0.0,0,0.004,0.005,640000,640000,0,0.056,0.095,1,0.2,"['BITGET', 'BYBIT', 'BINANCE', 'HTX', 'OKX', 'MEXC', 'KUCOIN']",0,False,False,False,[],[],BY_VOLUME,"[200, 50]",20,0.2,0.005,0.1,0,0,0,False,"['0.001', '0.01', '0.1', '1']",640000,0,https://public.mocortech.com/coin/F202502261821125235pbkvxHpfbOElb.jpg,49,128f589271cb4951b03e71e6323eb7be,758f878fcbf44e68806419920f71173c,1600772156000,0,1,True,False,True,INCREASE,True,,,
BAN_USDT,BAN_USDT永续,BAN_USDT PERPETUAL,3,BAN,USDT,BAN,USDT,1,USDT,10.0,1,20,0,4,0,4,0.0001,1,1,92000,0.2,0.2,0.0,0,0.005,0.05,92000,92000,0,0.005,0.005,1,0.2,"['BITGET', 'BYBIT', 'HTX', 'MEXC', 'KUCOIN']",0,False,False,False,"['mc-trade-zone-0fees', 'mc-trade-zone-MEME']","[45, 29]",BY_VOLUME,"[200, 50]",20,0.2,0.005,0.1,0,0,0,False,"['0.0001', '0.001']",92000,0,https://public.mocortech.com/coin/F20241027193544938kKqrcbyPi0qd2j.png,774,128f589271cb4951b03e71e6323eb7be,7a45612852e34990b00c67317bb618f1,1731553657000,1731554400000,1,True,False,True,INCREASE,True,,,
BEAMX_USDT,BEAMX_USDT永续,BEAMX_USDT PERPETUAL,3,BEAMX,USDT,BEAMX,USDT,1,USDT,1000.0,1,75,0,6,0,4,1e-06,1,1,25000,0.2,0.2,0.0,0,0.004,0.0133,25000,25000,0,0.004,0.004,1,0.2,"['BINANCE', 'GATEIO', 'MEXC']",0,False,False,False,['mc-trade-zone-0fees'],[45],BY_VOLUME,"[200, 50]",20,0.2,0.005,0.1,0,0,0,False,"['0.000001', '0.00001']",25000,0,https://public.mocortech.com/coin/F202311171156155741YFRj7sg9l91Fv.png,495,128f589271cb4951b03e71e6323eb7be,c0e519ecaaa140338012aff97ab20585,1700450026000,0,1,True,False,True,INCREASE,True,,,
BOME_USDT,BOME_USDT永续,BOME_USDT PERPETUAL,3,BOME,USDT,BOME,USDT,1,USDT,1000.0,1,200,0,6,0,4,1e-06,1,1,380000,0.2,0.2,0.0,0,0.004,0.005,380000,380000,0,0.056,0.095,1,0.2,"['BITGET', 'BYBIT', 'BINANCE', 'HTX', 'MEXC', 'KUCOIN']",0,False,False,False,"['mc-trade-zone-0fees', 'mc-trade-zone-SOL']","[45, 37]",BY_VOLUME,"[200, 50]",20,0.2,0.005,0.1,0,0,0,False,"['0.000001', '0.00001']",380000,0,https://public.mocortech.com/coin/F202403142229386115acvSAzpuAW17y.jpg,552,128f589271cb4951b03e71e6323eb7be,0488635ed670415592edf4021857c05e,1710501643000,0,1,True,False,True,INCREASE,True,,,
BRETT_USDT,BRETT_USDT永续,BRETT_USDT PERPETUAL,3,BRETT,USDT,BRETT,USDT,1,USDT,100.0,1,200,0,5,0,4,1e-05,1,1,56000,0.2,0.2,0.0,0,0.004,0.005,56000,56000,0,0.056,0.095,1,0.2,"['BITGET', 'BYBIT', 'KUCOIN']",0,False,False,False,[],[],BY_VOLUME,"[200, 50]",20,0.2,0.005,0.1,0,0,0,False,"['0.00001', '0.0001']",56000,0,https://public.mocortech.com/coin/F20240426215324031sCg6KGPMeWP3cl.png,575,128f589271cb4951b03e71e6323eb7be,,1714138305000,0,1,True,False,True,INCREASE,True,,,
CAKE_USDT,CAKE_USDT永续,CAKE_USDT PERPETUAL,3,CAKE,USDT,CAKE,USDT,1,USDT,1.0,1,125,0,4,0,4,0.0001,1,1,76000,0.2,0.2,0.0,0,0.004,0.008,76000,76000,0,0.056,0.092,1,0.2,"['BITGET', 'BINANCE', 'MEXC', 'KUCOIN']",0,False,False,False,['mc-trade-zone-0fees'],[45],BY_VOLUME,"[200, 50]",20,0.2,0.005,0.1,0,0,0,False,"['0.0001', '0.001']",76000,0,https://public.mocortech.com/coin/F20231103111027058OTf0gyfvRmNNXF.jpg,393,128f589271cb4951b03e71e6323eb7be,4fb9a0d3cd3c4c2e9d3bfc0d51a6dbd6,1682482377000,0,1,True,False,True,INCREASE,True,,,
CHILLGUY_USDT,CHILLGUY_USDT永续,CHILLGUY_USDT PERPETUAL,3,CHILLGUY,USDT,CHILLGUY,USDT,1,USDT,10.0,1,100,0,4,0,4,0.0001,1,1,300000,0.2,0.2,0.0,0,0.005,0.01,300000,300000,0,0.005,0.005,1,0.2,['MEXC'],0,False,False,False,"['mc-trade-zone-0fees', 'mc-trade-zone-MEME']","[45, 29]",BY_VOLUME,"[200, 50]",20,0.2,0.005,0.1,0,0,0,False,"['0.0001', '0.001']",300000,0,https://public.mocortech.com/coin/F20241120115831543jV52nvAcVoWB9r.png,805,128f589271cb4951b03e71e6323eb7be,0bcd745ed0c44a77bc6c6c891318cace,1732184010000,1732184735000,1,True,False,True,INCREASE,True,,,
CKB_USDT,CKB_USDT永续,CKB_USDT PERPETUAL,3,CKB,USDT,CKB,USDT,1,USDT,1000.0,1,125,0,6,0,4,1e-06,1,1,32000,0.2,0.2,0.0,0,0.004,0.008,32000,32000,0,0.056,0.092,1,0.2,"['BINANCE', 'MEXC', 'KUCOIN']",0,False,False,False,['mc-trade-zone-0fees'],[45],BY_VOLUME,"[200, 50]",20,0.2,0.005,0.1,0,0,0,False,"['0.000001', '0.00001']",32000,0,https://public.mocortech.com/coin/F20210422153945329xUxVQWqCEk1wey.png,340,128f589271cb4951b03e71e6323eb7be,5c1058a534dd42748b95f1729ff0c451,1679366932000,0,1,True,False,True,INCREASE,True,,,
CRV_USDT,CRV_USDT永续,CRV_USDT PERPETUAL,3,CRV,USDT,CRV,USDT,1,USDT,0.1,1,125,0,4,0,4,0.0001,1,1,15000000,0.2,0.2,0.0,0,0.004,0.008,15000000,15000000,0,0.056,0.092,1,0.2,"['BITGET', 'BYBIT', 'BINANCE', 'HTX', 'OKX', 'MEXC']",0,False,False,False,"['mc-trade-zone-0fees', 'mc-trade-zone-Arbitrum']","[45, 24]",BY_VOLUME,"[200, 50]",20,0.2,0.005,0.1,0,0,0,False,"['0.0001', '0.001', '0.01']",15000000,0,https://public.mocortech.com/coin/F20210419144944352SIqgYFxyF9jI02.png,37,128f589271cb4951b03e71e6323eb7be,bb0e43cee308404abc14e2741bcfad74,1599550096000,0,1,True,False,True,INCREASE,True,,,
DOGE_USDT,DOGE_USDT永续,DOGE_USDT PERPETUAL,3,DOGE,USDT,DOGE,USDT,1,USDT,100.0,1,200,0,5,0,4,1e-05,1,1,200000,0.2,0.2,0.0,0,0.004,0.005,200000,200000,0,0.056,0.095,1,0.2,"['BITGET', 'BYBIT', 'BINANCE', 'OKX', 'MEXC', 'KUCOIN']",0,False,False,False,"['mc-trade-zone-0fees', 'mc-trade-zone-MEME']","[45, 29]",BY_VOLUME,"[200, 50]",20,0.2,0.005,0.1,0,0,0,False,"['0.00001', '0.0001', '0.001', '0.01']",200000,0,https://public.mocortech.com/coin/F20230701185052663aGiNzu1AGTZxgU.png,68,128f589271cb4951b03e71e6323eb7be,a1001412a8d34b59b4d25dcce9e217d2,1603683981000,0,1,True,False,True,INCREASE,True,,,
DOGS_USDT,DOGS_USDT永续,DOGS_USDT PERPETUAL,3,DOGS,USDT,DOGS,USDT,1,USDT,100.0,1,200,0,7,0,4,1e-07,1,1,35000000,0.2,0.2,0.0,0,0.004,0.005,35000000,35000000,0,0.004,0.004,1,0.2,"['BITGET', 'BYBIT', 'BINANCE', 'OKX', 'MEXC', 'KUCOIN']",0,False,False,False,"['mc-trade-zone-0fees', 'mc-trade-zone-MEME']","[45, 29]",BY_VOLUME,"[200, 50]",20,0.2,0.005,0.1,0,0,0,False,"['0.0000001', '0.000001']",35000000,0,https://public.mocortech.com/coin/F20240821124546034yGlOeQz8DaL0Gw.jpg,674,128f589271cb4951b03e71e6323eb7be,5aac2a55fdbb4f06a02b45b45abaa9bb,1724671579000,0,1,True,False,True,INCREASE,True,,,
DOG_USDT,DOG_USDT永续,DOG_USDT PERPETUAL,3,DOG,USDT,DOG,USDT,1,USDT,1000.0,1,50,0,6,0,4,1e-06,1,1,24000,0.2,0.2,0.0,0,0.01,0.02,24000,24000,0,0.05,0.08,1,0.2,"['BITGET', 'GATEIO', 'MEXC']",0,False,False,False,"['mc-trade-zone-0fees', 'mc-trade-zone-MEME']","[45, 29]",BY_VOLUME,"[200, 50]",20,0.2,0.005,0.1,0,0,0,False,"['0.000001', '0.00001']",24000,0,https://public.mocortech.com/coin/F20240621114620560eToYuLSrguTs93.png,620,128f589271cb4951b03e71e6323eb7be,39471c109f444f9d97050139e250d2ed,1721806494000,0,1,True,False,True,INCREASE,True,,,
DOT_USDT,DOT_USDT永续,DOT_USDT PERPETUAL,3,DOT,USDT,DOT,USDT,1,USDT,0.1,1,200,0,3,0,4,0.001,1,1,1700000,0.1,0.1,0.0,0,0.004,0.005,1700000,1700000,0,0.056,0.095,1,0.2,"['BYBIT', 'BINANCE', 'OKX', 'MEXC']",0,False,False,False,['mc-trade-zone-web3'],[19],BY_VOLUME,"[200, 50]",20,0.2,0.005,0.1,0,0,0,False,"['0.001', '0.01', '0.1', '1']",1700000,0,https://public.mocortech.com/coin/F20231024115432640hJy0QnKX48a7EF.png,33,128f589271cb4951b03e71e6323eb7be,79e97f2f3c3e400eadeb5d5ed51c60b5,1598502591000,0,1,True,False,True,INCREASE,True,,,
EIGEN_USDT,EIGEN_USDT永续,EIGEN_USDT PERPETUAL,3,EIGEN,USDT,EIGEN,USDT,1,USDT,1.0,1,100,0,4,0,4,0.0001,1,1,550000,0.2,0.2,0.0,0,0.005,0.01,550000,550000,0,0.055,0.09,1,0.2,"['BITGET', 'BYBIT', 'BINANCE', 'OKX', 'MEXC', 'KUCOIN']",0,False,False,False,['mc-trade-zone-0fees'],[45],BY_VOLUME,"[200, 50]",20,0.2,0.005,0.1,0,0,0,False,"['0.0001', '0.001']",550000,0,https://public.mocortech.com/coin/F20241001130349499JyjuUfz8sdIpv1.jpeg,704,128f589271cb4951b03e71e6323eb7be,fd04bf83f2f9451bbdc6c2772084ccd9,1727605508000,1727756100000,1,True,False,True,INCREASE,True,,,
ENA_USDT,ENA_USDT永续,ENA_USDT PERPETUAL,3,ENA,USDT,ENA,USDT,1,USDT,10.0,1,200,0,4,0,4,0.0001,1,1,330000,0.2,0.2,0.0,0,0.004,0.005,330000,330000,0,0.056,0.095,1,0.2,"['BITGET', 'BYBIT', 'BINANCE', 'HTX', 'MEXC', 'KUCOIN']",0,False,False,False,['mc-trade-zone-0fees'],[45],BY_VOLUME,"[200, 50]",20,0.2,0.005,0.1,0,0,0,False,"['0.0001', '0.001']",330000,0,https://public.mocortech.com/coin/F202404011424268567EKqGeZYVbzQW0.png,562,128f589271cb4951b03e71e6323eb7be,5db5a74884c3400696d7d35a737dc101,1712055825000,0,1,True,False,True,INCREASE,True,,,
ETC_USDT,ETC_USDT永续,ETC_USDT PERPETUAL,3,ETC,USDT,ETC,USDT,1,USDT,0.1,1,200,0,3,0,4,0.001,1,1,380000,0.2,0.2,0.0,0,0.004,0.005,380000,380000,0,0.056,0.095,1,0.2,"['BYBIT', 'BINANCE', 'OKX', 'MEXC']",0,False,False,False,['mc-trade-zone-0fees'],[45],BY_VOLUME,"[200, 50]",20,0.2,0.005,0.1,0,0,0,False,"['0.001', '0.01', '0.1', '1']",380000,0,https://public.mocortech.com/coin/F20210422160050234IeL82VjGW0r9wG.png,15,128f589271cb4951b03e71e6323eb7be,ef940e9f7a1843918905b7349c982c91,1592558889000,0,1,True,False,True,INCREASE,True,,,
ETHFI_USDT,ETHFI_USDT永续,ETHFI_USDT PERPETUAL,3,ETHFI,USDT,ETHFI,USDT,1,USDT,1.0,1,125,0,4,0,4,0.0001,1,1,630000,0.2,0.2,0.0,0,0.004,0.008,630000,630000,0,0.056,0.092,1,0.2,"['BITGET', 'BYBIT', 'BINANCE', 'OKX', 'MEXC']",0,False,False,False,['mc-trade-zone-0fees'],[45],BY_VOLUME,"[200, 50]",20,0.2,0.005,0.1,0,0,0,False,"['0.0001', '0.001']",630000,0,https://public.mocortech.com/coin/F20240317194916312eiqDEbqu53oxxb.png,553,128f589271cb4951b03e71e6323eb7be,754569c440f74c82abf0d17a8f3c7dd8,1710769628000,0,1,True,False,True,INCREASE,True,,,
FET_USDT,FET_USDT永续,FET_USDT PERPETUAL,3,FET,USDT,FET,USDT,1,USDT,10.0,1,200,0,4,0,4,0.0001,1,1,200000,0.2,0.2,0.0,0,0.004,0.005,200000,200000,0,0.056,0.095,1,0.2,"['BITGET', 'BYBIT', 'BINANCE', 'HTX', 'OKX', 'MEXC', 'KUCOIN']",0,False,False,False,"['mc-trade-zone-0fees', 'mc-trade-zone-ai']","[45, 23]",BY_VOLUME,"[200, 50]",20,0.2,0.005,0.1,0,0,0,False,"['0.0001', '0.001']",200000,0,https://public.mocortech.com/coin/F202407011112524303kzn7hCCKQw2kQ.jpg,320,128f589271cb4951b03e71e6323eb7be,8eeba324cae04e28a9f5d43a242a435d,1675655601000,0,1,True,False,True,INCREASE,True,,,
FILECOIN_USDT,FIL_USDT永续,FIL_USDT PERPETUAL,3,FILECOIN,USDT,FIL,USDT,1,USDT,0.01,1,200,0,3,0,4,0.001,1,1,30000000,0.2,0.2,0.0,0,0.004,0.005,30000000,30000000,0,0.056,0.095,1,0.2,"['BITGET', 'BYBIT', 'BINANCE', 'OKX', 'MEXC']",0,False,False,False,"['mc-trade-zone-0fees', 'mc-trade-zone-web3']","[45, 19]",BY_VOLUME,"[200, 50]",20,0.2,0.005,0.1,0,0,0,False,"['0.001', '0.01', '0.1']",30000000,0,https://public.mocortech.com/coin/F202412021040519089v6fG2vO3CDsiG.png,63,128f589271cb4951b03e71e6323eb7be,79db548270e740d3b07489d9a6209cb2,1602853176000,0,1,True,False,True,INCREASE,True,,,
FLOKI_USDT,FLOKI_USDT永续,FLOKI_USDT PERPETUAL,3,FLOKI,USDT,FLOKI,USDT,1,USDT,100000.0,1,200,0,8,0,4,1e-08,1,1,130000,0.2,0.2,0.0,0,0.004,0.005,130000,130000,0,0.056,0.095,1,0.2,"['BITGET', 'BYBIT', 'BINANCE', 'HTX', 'OKX', 'MEXC', 'KUCOIN']",0,False,False,False,['mc-trade-zone-MEME'],[29],BY_VOLUME,"[200, 50]",20,0.2,0.005,0.1,0,0,0,False,"['0.00000001', '0.0000001', '0.000001']",130000,0,https://public.mocortech.com/coin/F20230701190530419ES16PmDhTRS6sh.png,318,128f589271cb4951b03e71e6323eb7be,00e2204d5c954bc8b5b477633be2132d,1674880667000,0,1,True,False,True,INCREASE,True,,,
GOAT_USDT,GOAT_USDT永续,GOAT_USDT PERPETUAL,3,GOAT,USDT,GOAT,USDT,1,USDT,10.0,1,200,0,4,0,4,0.0001,1,1,1500000,0.2,0.2,0.0,0,0.004,0.005,1500000,1500000,0,0.056,0.095,1,0.2,"['GATEIO', 'HTX', 'MEXC']",0,False,False,False,['mc-trade-zone-0fees'],[45],BY_VOLUME,"[200, 50]",20,0.2,0.005,0.1,0,0,0,False,"['0.0001', '0.001']",1500000,0,https://public.mocortech.com/coin/F20241013184732208snW3bro5wjen8M.jpeg,727,128f589271cb4951b03e71e6323eb7be,3d35ee4217ee4cb3a00d1ba3fa0cbf45,1729159808000,1729161000000,1,True,False,True,INCREASE,True,,,
GRT_USDT,GRT_USDT永续,GRT_USDT PERPETUAL,3,GRT,USDT,GRT,USDT,1,USDT,1.0,1,200,0,5,0,4,1e-05,1,1,3300000,0.2,0.2,0.0,0,0.004,0.005,3300000,3300000,0,0.056,0.095,1,0.2,"['BITGET', 'BYBIT', 'BINANCE', 'OKX', 'MEXC', 'KUCOIN']",0,False,False,False,"['mc-trade-zone-0fees', 'mc-trade-zone-SOL', 'mc-trade-zone-Arbitrum', 'mc-trade-zone-web3']","[45, 37, 24, 19]",BY_VOLUME,"[200, 50]",20,0.2,0.005,0.1,0,0,0,False,"['0.00001', '0.0001', '0.001', '0.01']",3300000,0,https://public.mocortech.com/coin/F20210517143614665y74P736CzhFOHS.png,76,128f589271cb4951b03e71e6323eb7be,59001d2f1216406f9ec22668499676fd,1608368424000,0,1,True,False,True,INCREASE,True,,,
HBAR_USDT,HBAR_USDT永续,HBAR_USDT PERPETUAL,3,HBAR,USDT,HBAR,USDT,1,USDT,1.0,1,200,0,5,0,4,1e-05,1,1,9000000,0.2,0.2,0.0,0,0.004,0.005,9000000,9000000,0,0.056,0.095,1,0.2,"['BYBIT', 'BINANCE', 'OKX', 'MEXC', 'KUCOIN']",0,False,False,False,['mc-trade-zone-0fees'],[45],BY_VOLUME,"[200, 50]",20,0.2,0.005,0.1,0,0,0,False,"['0.00001', '0.0001', '0.001']",9000000,0,https://public.mocortech.com/coin/F20230701191651284uwTj2nQVcafJwU.png,106,128f589271cb4951b03e71e6323eb7be,770aa628c79140ffa3ae8d16215dc8cb,1617155502000,0,1,True,False,True,INCREASE,True,,,
HOLD_USDT,HOLD_USDT永续,HOLD_USDT PERPETUAL,3,HOLD,USDT,HOLD,USDT,1,USDT,1000.0,1,50,0,7,0,4,1e-07,1,1,7500,0.2,0.2,0.0,0,0.01,0.02,7500,7500,0,0.005,0.005,1,0.05,"['GATEIO', 'MEXC', 'KUCOIN']",0,False,False,False,['mc-trade-zone-0fees'],[45],BY_VOLUME,"[200, 50]",20,0.2,0.005,0.1,0,0,0,False,"['0.0000001', '0.000001']",7500,0,https://public.mocortech.com/coin/F20241206131334259evZcaJiNnX8hBN.jpeg,868,128f589271cb4951b03e71e6323eb7be,005b2ed81f2742c8b4057335ff40f6cb,1734097287000,1734354000000,1,True,False,True,INCREASE,True,,,
HYPE_USDT,HYPE_USDT永续,HYPE_USDT PERPETUAL,3,HYPE,USDT,HYPE,USDT,1,USDT,0.1,1,50,0,2,0,4,0.01,1,1,320000,0.2,0.2,0.0,0,0.01,0.02,320000,320000,0,0.05,0.08,1,0.2,"['BITGET', 'KUCOIN']",0,False,False,False,['mc-trade-zone-0fees'],[45],BY_VOLUME,"[200, 50]",20,0.2,0.005,0.1,0,0,0,False,"['0.01', '0.1']",320000,0,https://public.mocortech.com/coin/F20241219185202633fy8RLxouyEW44q.png,887,128f589271cb4951b03e71e6323eb7be,8d31d4e96b01486ab8965b3b9e4b88e5,1734604558000,1734605400000,1,False,False,True,INCREASE,True,,,
ICP_USDT,ICP_USDT永续,ICP_USDT PERPETUAL,3,ICP,USDT,ICP,USDT,1,USDT,0.01,1,200,0,3,0,4,0.001,1,1,11000000,0.2,0.2,0.0,0,0.004,0.005,11000000,11000000,0,0.056,0.095,1,0.2,"['BITGET', 'BYBIT', 'BINANCE', 'OKX', 'MEXC', 'KUCOIN']",0,False,False,False,"['mc-trade-zone-0fees', 'mc-trade-zone-web3']","[45, 19]",BY_VOLUME,"[200, 50]",20,0.2,0.005,0.1,0,0,0,False,"['0.001', '0.01', '0.1']",11000000,0,https://public.mocortech.com/coin/F20210517143320193RMjuCzjJ0WufB7.png,127,128f589271cb4951b03e71e6323eb7be,eeba879b6d0f40b581eb84150bdb91d9,1620787526000,0,1,True,False,True,INCREASE,True,,,
INJ_USDT,INJ_USDT永续,INJ_USDT PERPETUAL,3,INJ,USDT,INJ,USDT,1,USDT,1.0,1,200,0,3,0,4,0.001,1,1,80000,0.2,0.2,0.0,0,0.004,0.005,80000,80000,0,0.056,0.095,1,0.2,"['BITGET', 'BYBIT', 'BINANCE', 'MEXC', 'KUCOIN']",0,False,False,False,"['mc-trade-zone-0fees', 'mc-trade-zone-web3']","[45, 19]",BY_VOLUME,"[200, 50]",20,0.2,0.005,0.1,0,0,0,False,"['0.001', '0.01', '0.1']",80000,0,https://public.mocortech.com/coin/F20230119114559933mGTo17dxvI0OQQ.png,281,128f589271cb4951b03e71e6323eb7be,3f12aa9e11694d70aa0a24b31f9deaa2,1661146663000,0,1,True,False,True,INCREASE,True,,,
IO_USDT,IO_USDT永续,IO_USDT PERPETUAL,3,IO,USDT,IO,USDT,1,USDT,1.0,1,125,0,4,0,4,0.0001,1,1,330000,0.2,0.2,0.0,0,0.004,0.008,330000,330000,0,0.056,0.092,1,0.2,"['BITGET', 'BYBIT', 'BINANCE', 'HTX', 'MEXC', 'KUCOIN']",0,False,False,False,['mc-trade-zone-0fees'],[45],BY_VOLUME,"[200, 50]",20,0.2,0.005,0.1,0,0,0,False,"['0.0001', '0.001']",330000,0,https://public.mocortech.com/coin/F20240609164331869NuXguLoXnEGphR.png,599,128f589271cb4951b03e71e6323eb7be,4df216d72f7848e4981b4a92b8536df1,1718111471000,0,1,True,False,True,INCREASE,True,,,
JASMY_USDT,JASMY_USDT永续,JASMY_USDT PERPETUAL,3,JASMY,USDT,JASMY,USDT,1,USDT,10.0,1,200,0,6,0,4,1e-06,1,1,1300000,0.2,0.2,0.0,0,0.004,0.005,1300000,1300000,0,0.056,0.095,1,0.2,"['BITGET', 'BYBIT', 'BINANCE', 'HTX', 'MEXC']",0,False,False,False,['mc-trade-zone-0fees'],[45],BY_VOLUME,"[200, 50]",20,0.2,0.005,0.1,0,0,0,False,"['0.000001', '0.00001', '0.0001', '0.001']",1300000,0,https://public.mocortech.com/coin/F20210517143143708busdx95kidQwPx.png,195,128f589271cb4951b03e71e6323eb7be,e820536abf5547d78504f67caad6131a,1637570485000,0,1,True,False,True,INCREASE,True,,,
KAIA_USDT,KAIA_USDT永续,KAIA_USDT PERPETUAL,3,KAIA,USDT,KAIA,USDT,1,USDT,10.0,1,100,0,4,0,4,0.0001,1,1,150000,0.2,0.2,0.0,0,0.005,0.01,150000,150000,0,0.055,0.09,1,0.2,"['BYBIT', 'BINANCE', 'OKX', 'MEXC', 'KUCOIN']",0,False,False,False,"['mc-trade-zone-0fees', 'mc-trade-zone-layer2']","[45, 5]",BY_VOLUME,"[200, 50]",20,0.2,0.005,0.1,0,0,0,False,"['0.0001', '0.001']",150000,0,https://public.mocortech.com/coin/F202409131548290691rVKaiDKUCX4Mp.png,743,128f589271cb4951b03e71e6323eb7be,c73cd0039a4143acbf38c8b3d48d53a7,1730348222000,1730349240000,1,True,False,True,INCREASE,True,,,
KAS_USDT,KAS_USDT永续,KAS_USDT PERPETUAL,3,KAS,USDT,KAS,USDT,1,USDT,1000.0,1,200,0,5,0,4,1e-05,1,1,6500,0.2,0.2,0.0,0,0.004,0.005,6500,6500,0,0.056,0.095,1,0.2,"['BITGET', 'BYBIT', 'MEXC', 'KUCOIN']",0,False,False,False,['mc-trade-zone-0fees'],[45],BY_VOLUME,"[200, 50]",20,0.2,0.005,0.1,0,0,0,False,"['0.00001', '0.0001', '0.001']",6500,284947,https://public.mocortech.com/coin/F20220925112925283vwigm9Ac0xkt3l.png,309,128f589271cb4951b03e71e6323eb7be,7d625dbdcd2d41399c9ebce67d702cb3,1669636338000,0,1,True,False,True,INCREASE,True,,,
LDO_USDT,LDO_USDT永续,LDO_USDT PERPETUAL,3,LDO,USDT,LDO,USDT,1,USDT,1.0,1,200,0,4,0,4,0.0001,1,1,370000,0.2,0.2,0.0,0,0.004,0.005,370000,370000,0,0.056,0.095,1,0.2,"['BITGET', 'BYBIT', 'BINANCE', 'OKX', 'MEXC']",0,False,False,False,"['mc-trade-zone-0fees', 'mc-trade-zone-Arbitrum']","[45, 24]",BY_VOLUME,"[200, 50]",20,0.2,0.005,0.1,0,0,0,False,"['0.0001', '0.001', '0.01']",370000,0,https://public.mocortech.com/coin/F202307011930401934svxFlRZiTlHjp.png,266,128f589271cb4951b03e71e6323eb7be,1ad9782ccfb940458192cad56484f889,1658110741000,0,1,True,False,True,INCREASE,True,,,
LINK_USDT,LINK_USDT永续,LINK_USDT PERPETUAL,3,LINK,USDT,LINK,USDT,1,USDT,0.1,1,200,0,3,0,4,0.001,1,1,865000,0.2,0.2,0.0,0,0.004,0.005,865000,865000,0,0.056,0.095,1,0.2,"['BYBIT', 'BINANCE', 'HTX', 'OKX', 'MEXC', 'KUCOIN']",0,False,False,False,"['mc-trade-zone-0fees', 'mc-trade-zone-SOL', 'mc-trade-zone-Arbitrum', 'mc-trade-zone-web3']","[45, 37, 24, 19]",BY_VOLUME,"[200, 50]",20,0.2,0.005,0.1,0,0,0,False,"['0.001', '0.01', '0.1']",865000,0,https://public.mocortech.com/coin/F20210422163936008oJUHyB4eiST9Es.png,18,128f589271cb4951b03e71e6323eb7be,8dee1f9303ee479ba80b98889997c29c,1592820127000,0,1,True,False,True,INCREASE,True,,,
LTC_USDT,LTC_USDT永续,LTC_USDT PERPETUAL,3,LTC,USDT,LTC,USDT,1,USDT,0.01,1,200,0,2,0,4,0.01,1,1,1850000,0.1,0.1,0.0,0,0.004,0.005,1850000,1850000,0,0.056,0.095,1,0.2,"['BYBIT', 'BINANCE', 'OKX', 'MEXC']",0,False,False,False,"['mc-trade-zone-0fees', 'mc-trade-zone-pow']","[45, 12]",BY_VOLUME,"[200, 50]",20,0.2,0.005,0.1,0,0,0,False,"['0.01', '0.1', '1', '10']",1850000,0,https://public.mocortech.com/coin/F20210514192217731fml0zLNE6FPOGV.png,14,128f589271cb4951b03e71e6323eb7be,e9b47a809bd1456fa1d378f0d7db14ec,1592213599000,0,1,True,False,True,INCREASE,True,,,
LUNC_USDT,LUNC_USDT永续,LUNC_USDT PERPETUAL,3,LUNC,USDT,LUNC,USDT,1,USDT,10000.0,1,200,0,8,0,4,1e-08,1,1,275000,0.2,0.2,0.0,0,0.004,0.005,275000,275000,0,0.056,0.095,1,0.2,"['BITGET', 'BINANCE', 'OKX', 'MEXC']",0,False,False,False,"['mc-trade-zone-0fees', 'mc-trade-zone-SOL']","[45, 37]",BY_VOLUME,"[200, 50]",20,0.2,0.005,0.1,0,0,0,False,"['0.00000001', '0.0000001', '0.000001']",275000,0,https://public.mocortech.com/coin/F20220526173055001kZTohNsxbP1NBz.png,255,128f589271cb4951b03e71e6323eb7be,7b0c5c220e404a1ca6dffd0c8224d6e4,1653564718000,0,1,True,False,True,INCREASE,True,,,
MANA_USDT,MANA_USDT永续,MANA_USDT PERPETUAL,3,MANA,USDT,MANA,USDT,1,USDT,1.0,1,200,0,4,0,4,0.0001,1,1,1250000,0.2,0.2,0.0,0,0.004,0.005,1250000,1250000,0,0.056,0.095,1,0.2,"['BITGET', 'BYBIT', 'BINANCE', 'OKX', 'MEXC', 'KUCOIN']",0,False,False,False,"['mc-trade-zone-0fees', 'mc-trade-zone-metaverse', 'mc-trade-zone-nft']","[45, 18, 3]",BY_VOLUME,"[200, 50]",20,0.2,0.005,0.1,0,0,0,False,"['0.0001', '0.001', '0.01']",1250000,0,https://public.mocortech.com/coin/F20210422164339008v2CtQvq6GQDmHR.png,109,128f589271cb4951b03e71e6323eb7be,d3073f685aee4c31bc0677b9210f1678,1617249030000,0,1,True,False,True,INCREASE,True,,,
MANTA_USDT,MANTA_USDT永续,MANTA_USDT PERPETUAL,3,MANTA,USDT,MANTA,USDT,1,USDT,1.0,1,50,0,4,0,4,0.0001,1,1,350000,0.2,0.2,0.0,0,0.01,0.02,350000,350000,0,0.05,0.08,1,0.2,"['BITGET', 'BYBIT', 'BINANCE', 'MEXC', 'KUCOIN']",0,False,False,False,[],[],BY_VOLUME,"[200, 50]",20,0.2,0.005,0.1,0,0,0,False,"['0.0001', '0.001']",350000,0,https://public.mocortech.com/coin/F20240111235900266kB5HaBVrySduXr.jpg,527,128f589271cb4951b03e71e6323eb7be,d64963874b8c428f9ed2874b7ba32c0c,1705580169000,0,1,True,False,True,INCREASE,True,,,
MELANIA_USDT,MELANIA_USDT永续,MELANIA_USDT PERPETUAL,3,MELANIA,USDT,MELANIA,USDT,1,USDT,0.1,1,20,0,3,0,4,0.001,1,1,1500000,0.5,0.5,0.0,0,0.01,0.05,1500000,1500000,0,0.005,0.005,1,0.2,"['BITGET', 'MEXC', 'KUCOIN']",0,False,False,False,['mc-trade-zone-0fees'],[45],BY_VOLUME,"[200, 50]",20,0.2,0.005,0.1,0,0,0,False,"['0.001', '0.01']",1500000,0,https://public.mocortech.com/coin/F20250120095905225K6svkOfGN3J8YZ.jpeg,987,128f589271cb4951b03e71e6323eb7be,73fd9cc00c184533a4bd1acf3398c839,1737335430000,0,1,False,False,True,INCREASE,True,,,
MEME_USDT,MEME_USDT永续,MEME_USDT PERPETUAL,3,MEME,USDT,MEME,USDT,1,USDT,100.0,1,200,0,6,0,4,1e-06,1,1,4000000,0.2,0.2,0.0,0,0.004,0.005,4000000,4000000,0,0.056,0.095,1,0.2,"['BINANCE', 'MEXC', 'KUCOIN']",0,False,False,False,['mc-trade-zone-0fees'],[45],BY_VOLUME,"[200, 50]",20,0.2,0.005,0.1,0,0,0,False,"['0.000001', '0.00001', '0.0001']",4000000,0,https://public.mocortech.com/coin/F20231028160204774tNsdre2kHjW1a8.png,487,128f589271cb4951b03e71e6323eb7be,df19a3f0573646baa2d2fafe1d48b705,1698999601000,0,1,True,False,True,INCREASE,True,,,
MOODENG_USDT,MOODENG_USDT永续,MOODENG_USDT PERPETUAL,3,MOODENG,USDT,MOODENG,USDT,1,USDT,10.0,1,200,0,5,0,4,1e-05,1,1,450000,0.2,0.2,0.0,0,0.004,0.005,450000,450000,0,0.004,0.004,1,0.2,"['BITGET', 'HTX', 'MEXC']",0,False,False,False,"['mc-trade-zone-0fees', 'mc-trade-zone-MEME']","[45, 29]",BY_VOLUME,"[200, 50]",20,0.2,0.005,0.1,0,0,0,False,"['0.00001', '0.0001']",450000,0,https://public.mocortech.com/coin/F20240926144652347SHCa8gqLT8n1dT.png,702,128f589271cb4951b03e71e6323eb7be,11afe7cfde4448deaf31a5d6ef883455,1727326929000,0,1,True,False,True,INCREASE,True,,,
MUBARAK_USDT,MUBARAK_USDT永续,MUBARAK_USDT PERPETUAL,3,MUBARAK,USDT,MUBARAK,USDT,1,USDT,100.0,1,50,0,5,0,4,1e-05,1,1,5500,0.2,0.2,0.0,0,0.01,0.02,5500,5500,0,0.005,0.005,1,0.2,"['BITGET', 'GATEIO', 'MEXC']",0,False,False,False,['mc-trade-zone-0fees'],[45],BY_VOLUME,"[200, 50]",20,0.2,0.005,0.1,0,0,0,False,"['0.00001', '0.0001']",5500,0,https://public.mocortech.com/coin/F20250314120814819VQglEj5UNl7DVe.jpeg,1088,128f589271cb4951b03e71e6323eb7be,0abc17c8a8e84b69aca64ba0dc2e18ae,1742007765000,0,1,False,False,True,INCREASE,True,,,
NEAR_USDT,NEAR_USDT永续,NEAR_USDT PERPETUAL,3,NEAR,USDT,NEAR,USDT,1,USDT,1.0,1,200,0,3,0,4,0.001,1,1,630000,0.2,0.2,0.0,0,0.004,0.005,630000,630000,0,0.056,0.095,1,0.2,"['BITGET', 'BINANCE', 'OKX', 'MEXC', 'KUCOIN']",0,False,False,False,"['mc-trade-zone-0fees', 'mc-trade-zone-layer2']","[45, 5]",BY_VOLUME,"[200, 50]",20,0.2,0.005,0.1,0,0,0,False,"['0.001', '0.01', '0.1']",630000,0,https://public.mocortech.com/coin/F20210517142258172xvCeS0mh7rRT2x.png,61,128f589271cb4951b03e71e6323eb7be,2adac1809dce4b0e926ae725a20c55fd,1602669179000,0,1,True,False,True,INCREASE,True,,,
NEIROCTO_USDT,NEIROCTO_USDT永续,NEIROCTO_USDT PERPETUAL,3,NEIROCTO,USDT,NEIROCTO,USDT,1,USDT,10000.0,1,200,0,7,0,4,1e-07,1,1,750000,0.2,0.2,0.0,0,0.004,0.005,750000,750000,0,0.004,0.004,1,0.2,"['BITGET', 'HTX', 'MEXC']",0,False,False,False,"['mc-trade-zone-0fees', 'mc-trade-zone-MEME']","[45, 29]",BY_VOLUME,"[200, 50]",20,0.2,0.005,0.1,0,0,0,False,"['0.0000001', '0.000001']",750000,0,https://public.mocortech.com/coin/F20240817211132621PPQXOe0UoEVO3p.png,688,128f589271cb4951b03e71e6323eb7be,06122a9634da4ec586b825b6def96601,1726475766000,0,1,True,False,True,INCREASE,True,,,
NOT_USDT,NOT_USDT永续,NOT_USDT PERPETUAL,3,NOT,USDT,NOT,USDT,1,USDT,1000.0,1,200,0,6,0,4,1e-06,1,1,240000,0.2,0.2,0.0,0,0.004,0.005,240000,240000,0,0.056,0.095,1,0.2,"['BITGET', 'BYBIT', 'BINANCE', 'MEXC', 'KUCOIN']",0,False,False,False,['mc-trade-zone-0fees'],[45],BY_VOLUME,"[200, 50]",20,0.2,0.005,0.1,0,0,0,False,"['0.000001', '0.00001']",240000,0,https://public.mocortech.com/coin/F20240510170849558HShLoZiLRcp4M4.png,585,128f589271cb4951b03e71e6323eb7be,8f6b96419d5f49ef8a50a8aa583e7bf3,1715864618000,0,1,True,False,True,INCREASE,True,,,
ONDO_USDT,ONDO_USDT永续,ONDO_USDT PERPETUAL,3,ONDO,USDT,ONDO,USDT,1,USDT,10.0,1,200,0,4,0,4,0.0001,1,1,180000,0.2,0.2,0.0,0,0.004,0.005,180000,180000,0,0.056,0.095,1,0.2,"['BITGET', 'BYBIT', 'HTX', 'MEXC', 'KUCOIN']",0,False,False,False,['mc-trade-zone-0fees'],[45],BY_VOLUME,"[200, 50]",20,0.2,0.005,0.1,0,0,0,False,"['0.0001', '0.001']",180000,0,https://public.mocortech.com/coin/F20240118164113525h5i7j171zTUyWf.png,529,128f589271cb4951b03e71e6323eb7be,69265a5e47784b4a90973480ee002382,1705754473000,0,1,True,False,True,INCREASE,True,,,
OP_USDT,OP_USDT永续,OP_USDT PERPETUAL,3,OP,USDT,OP,USDT,1,USDT,1.0,1,200,0,4,0,4,0.0001,1,1,1050000,0.2,0.2,0.0,0,0.004,0.005,1050000,1050000,0,0.056,0.095,1,0.2,"['BITGET', 'BYBIT', 'BINANCE', 'OKX', 'MEXC', 'KUCOIN']",0,False,False,False,['mc-trade-zone-0fees'],[45],BY_VOLUME,"[200, 50]",20,0.2,0.005,0.1,0,0,0,False,"['0.0001', '0.001', '0.01', '0.1']",1050000,0,https://public.mocortech.com/coin/F20250226182026703PnUWEZcyUkv8lI.jpg,259,128f589271cb4951b03e71e6323eb7be,9b074a66b0f641ea8d7051a114271e95,1654048691000,0,1,True,False,True,INCREASE,True,,,
ORDI_USDT,ORDI_USDT永续,ORDI_USDT PERPETUAL,3,ORDI,USDT,ORDI,USDT,1,USDT,0.1,1,200,0,3,0,4,0.001,1,1,1200000,0.2,0.2,0.0,0,0.004,0.005,1200000,1200000,0,0.056,0.095,1,0.2,"['BITGET', 'BYBIT', 'BINANCE', 'HTX', 'OKX', 'MEXC', 'KUCOIN']",0,False,False,False,"['mc-trade-zone-0fees', 'mc-trade-zone-BRC20']","[45, 36]",BY_VOLUME,"[200, 50]",20,0.2,0.005,0.1,0,0,0,False,"['0.001', '0.01']",1200000,0,https://public.mocortech.com/coin/F20231214123148856nfeldbiFHy5XPZ.png,406,128f589271cb4951b03e71e6323eb7be,b865a9ffdd6e4d9da6ddfab219c00f51,1683529115000,0,1,True,False,True,INCREASE,True,,,
PENGU_USDT,PENGU_USDT永续,PENGU_USDT PERPETUAL,3,PENGU,USDT,PENGU,USDT,1,USDT,10.0,1,100,0,5,0,4,1e-05,1,1,10000000,0.2,0.2,0.0,0,0.005,0.01,10000000,10000000,0,0.055,0.09,1,0.2,"['BITGET', 'BYBIT', 'BINANCE', 'OKX', 'MEXC', 'KUCOIN']",0,False,False,False,['mc-trade-zone-0fees'],[45],BY_VOLUME,"[200, 50]",20,0.2,0.005,0.1,0,0,0,False,"['0.00001', '0.0001']",10000000,0,https://public.mocortech.com/coin/F20241216231150709rwMnrNdu294d6P.jpeg,878,128f589271cb4951b03e71e6323eb7be,1c2cf4f4531b404d9bb5622f3881f32c,1734422178000,1734442080000,1,True,False,True,INCREASE,True,,,
PEPE_USDT,PEPE_USDT永续,PEPE_USDT PERPETUAL,3,PEPE,USDT,PEPE,USDT,1,USDT,10000000.0,1,200,0,9,0,4,1e-09,1,1,7500,0.2,0.2,0.0,0,0.004,0.005,7500,7500,0,0.056,0.095,1,0.2,"['BITGET', 'BYBIT', 'BINANCE', 'HTX', 'OKX']",0,False,False,False,"['mc-trade-zone-0fees', 'mc-trade-zone-MEME']","[45, 29]",BY_VOLUME,"[200, 50]",20,0.2,0.005,0.1,0,0,0,False,"['0.000000001', '0.00000001', '0.0000001']",7500,0,https://public.mocortech.com/coin/F20230418233803170JsJkuJKWBcrsaY.png,384,128f589271cb4951b03e71e6323eb7be,55066519a2b54ed09c61b0c142bf5abc,1681900341000,0,1,True,False,True,INCREASE,True,,,
PI_USDT,PI_USDT永续,PI_USDT PERPETUAL,3,PI,USDT,PI,USDT,1,USDT,1.0,1,20,0,4,0,4,0.0001,1,1,45000,0.2,0.2,0.0,0,0.01,0.05,45000,45000,0,0.005,0.005,1,0.2,"['BITGET', 'OKX', 'MEXC']",0,False,False,False,['mc-trade-zone-0fees'],[45],BY_VOLUME,"[200, 50]",20,0.2,0.005,0.1,0,0,0,False,"['0.0001', '0.001']",45000,0,https://public.mocortech.com/coin/F20250212161539288dW12QbAS8qlp0x.png,1048,128f589271cb4951b03e71e6323eb7be,9cf58ad4fbe147c59472c9848e760aab,1739511352000,1740038520000,1,True,False,True,INCREASE,True,,,
PNUT_USDT,PNUT_USDT永续,PNUT_USDT PERPETUAL,3,PNUT,USDT,PNUT,USDT,1,USDT,10.0,1,100,0,4,0,4,0.0001,1,1,150000,0.2,0.2,0.0,0,0.005,0.01,150000,150000,0,0.055,0.09,1,0.2,"['BITGET', 'BINANCE', 'OKX', 'MEXC', 'KUCOIN']",0,False,False,False,"['mc-trade-zone-0fees', 'mc-trade-zone-MEME']","[45, 29]",BY_VOLUME,"[200, 50]",20,0.2,0.005,0.1,0,0,0,False,"['0.0001', '0.001']",150000,0,https://public.mocortech.com/coin/F20250125152643217If6ShuO14NssGx.jpg,752,128f589271cb4951b03e71e6323eb7be,f4a3fd97f19c4d06961600322fb4c297,1730863785000,1730864580000,1,True,False,True,INCREASE,True,,,
POL_USDT,POL_USDT永续,POL_USDT PERPETUAL,3,POL,USDT,POL,USDT,1,USDT,10.0,1,125,0,5,0,4,1e-05,1,1,650000,0.2,0.2,0.0,0,0.004,0.008,650000,650000,0,0.056,0.092,1,0.2,"['BITGET', 'BYBIT', 'OKX', 'MEXC']",0,False,False,False,"['mc-trade-zone-0fees', 'mc-trade-zone-layer2']","[45, 5]",BY_VOLUME,"[200, 50]",20,0.2,0.005,0.1,0,0,0,False,"['0.00001', '0.0001']",650000,0,https://public.mocortech.com/coin/F20231027211808143VN2A9KQFynm7Dc.png,681,128f589271cb4951b03e71e6323eb7be,efd0b016506c4cd6baabe437de863035,1725435422000,0,1,True,False,True,INCREASE,True,,,
PONKE_USDT,PONKE_USDT永续,PONKE_USDT PERPETUAL,3,PONKE,USDT,PONKE,USDT,1,USDT,10.0,1,100,0,4,0,4,0.0001,1,1,50000,0.2,0.2,0.0,0,0.005,0.01,50000,50000,0,0.005,0.005,1,0.2,"['BITGET', 'BYBIT', 'HTX', 'MEXC']",0,False,False,False,['mc-trade-zone-0fees'],[45],BY_VOLUME,"[200, 50]",20,0.2,0.005,0.1,0,0,0,False,"['0.0001', '0.001']",50000,0,https://public.mocortech.com/coin/F20250121112743419wtVzedyHjQqrzE.jpg,598,128f589271cb4951b03e71e6323eb7be,9cf8090bb2284d10b54832c86977260c,1718073380000,0,1,True,False,True,INCREASE,True,,,
POPCAT_USDT,POPCAT_USDT永续,POPCAT_USDT PERPETUAL,3,POPCAT,USDT,POPCAT,USDT,1,USDT,10.0,1,200,0,4,0,4,0.0001,1,1,280000,0.2,0.2,0.0,0,0.004,0.005,280000,280000,0,0.056,0.095,1,0.2,"['BYBIT', 'MEXC', 'KUCOIN']",0,False,False,False,['mc-trade-zone-0fees'],[45],BY_VOLUME,"[200, 50]",20,0.2,0.005,0.1,0,0,0,False,"['0.0001', '0.001']",280000,0,https://public.mocortech.com/coin/F20240417214022241d7w1abDx3IFZ4X.jpg,561,128f589271cb4951b03e71e6323eb7be,d060b06aea7d4f1dbd86643671e054d0,1712028120000,0,1,True,False,True,INCREASE,True,,,
PYTH_USDT,PYTH_USDT永续,PYTH_USDT PERPETUAL,3,PYTH,USDT,PYTH,USDT,1,USDT,10.0,1,125,0,4,0,4,0.0001,1,1,220000,0.2,0.2,0.0,0,0.004,0.008,220000,220000,0,0.056,0.092,1,0.2,"['BITGET', 'BYBIT', 'BINANCE', 'HTX', 'OKX', 'MEXC', 'KUCOIN']",0,False,False,False,"['mc-trade-zone-0fees', 'mc-trade-zone-SOL']","[45, 37]",BY_VOLUME,"[200, 50]",20,0.2,0.005,0.1,0,0,0,False,"['0.0001', '0.001', '0.01']",220000,0,https://public.mocortech.com/coin/F20231120002235816BRW9nc4jpE4IKt.png,497,128f589271cb4951b03e71e6323eb7be,ec81cf38179743608583e9a6fa980aac,1700494512000,0,1,True,False,True,INCREASE,True,,,
RAY_USDT,RAY_USDT永续,RAY_USDT PERPETUAL,3,RAY,USDT,RAY,USDT,1,USDT,0.1,1,100,0,3,0,4,0.001,1,1,1050000,0.2,0.2,0.0,0,0.005,0.01,1050000,1050000,0,0.055,0.09,1,0.2,"['BITGET', 'BINANCE', 'OKX', 'MEXC', 'KUCOIN']",0,False,False,False,"['mc-trade-zone-0fees', 'mc-trade-zone-SOL']","[45, 37]",BY_VOLUME,"[200, 50]",20,0.2,0.005,0.1,0,0,0,False,"['0.001', '0.01']",1050000,0,https://public.mocortech.com/coin/F20210517141438986BRMX0tcfDa8Gnp.png,150,128f589271cb4951b03e71e6323eb7be,999b171f4e61410782e00f3c9ce43f25,1631009302000,0,1,True,False,True,INCREASE,True,,,
RENDER_USDT,RENDER_USDT永续,RENDER_USDT PERPETUAL,3,RENDER,USDT,RENDER,USDT,1,USDT,1.0,1,200,0,3,0,4,0.001,1,1,110000,0.2,0.2,0.0,0,0.004,0.005,110000,110000,0,0.056,0.095,1,0.2,"['BINANCE', 'HTX', 'OKX', 'MEXC']",0,False,False,False,['mc-trade-zone-0fees'],[45],BY_VOLUME,"[200, 50]",20,0.2,0.005,0.1,0,0,0,False,"['0.001', '0.01']",110000,0,https://public.mocortech.com/coin/F20240726150214173qypcnmOOMqnFKU.png,630,128f589271cb4951b03e71e6323eb7be,372642ca5c564e72bd650c0e215692ad,1721984965000,0,1,True,False,True,INCREASE,True,,,
ROSE_USDT,ROSE_USDT永续,ROSE_USDT PERPETUAL,3,ROSE,USDT,ROSE,USDT,1,USDT,10.0,1,75,0,5,0,4,1e-05,1,1,700000,0.2,0.2,0.0,0,0.007,0.0133,700000,700000,0,0.053,0.0866,1,0.2,"['BITGET', 'BINANCE', 'MEXC', 'KUCOIN']",0,False,False,False,['mc-trade-zone-0fees'],[45],BY_VOLUME,"[200, 50]",20,0.2,0.005,0.1,0,0,0,False,"['0.00001', '0.0001', '0.001']",700000,0,https://public.mocortech.com/coin/F20220729122727301Nu8ItZv1xl6ogt.png,222,128f589271cb4951b03e71e6323eb7be,b0d4f037ca9846388684bbc150df6804,1640921829000,0,1,True,False,True,INCREASE,True,,,
RUNE_USDT,RUNE_USDT永续,RUNE_USDT PERPETUAL,3,RUNE,USDT,RUNE,USDT,1,USDT,1.0,1,125,0,3,0,4,0.001,1,1,310000,0.2,0.2,0.0,0,0.004,0.008,310000,310000,0,0.056,0.092,1,0.2,"['BITGET', 'BYBIT', 'BINANCE', 'MEXC', 'KUCOIN']",0,False,False,False,['mc-trade-zone-0fees'],[45],BY_VOLUME,"[200, 50]",20,0.2,0.005,0.1,0,0,0,False,"['0.001', '0.01', '0.1']",310000,0,https://public.mocortech.com/coin/F202105171411527920voLjqrDI1Hao0.png,242,128f589271cb4951b03e71e6323eb7be,94187fc5d3d1497cb20a0cca67de8661,1646882996000,0,1,True,False,True,INCREASE,True,,,
SEI_USDT,SEI_USDT永续,SEI_USDT PERPETUAL,3,SEI,USDT,SEI,USDT,1,USDT,10.0,1,200,0,4,0,4,0.0001,1,1,440000,0.2,0.2,0.0,0,0.004,0.005,440000,440000,0,0.056,0.095,1,0.2,"['BITGET', 'BYBIT', 'BINANCE', 'MEXC']",0,False,False,False,['mc-trade-zone-0fees'],[45],BY_VOLUME,"[200, 50]",20,0.2,0.005,0.1,0,0,0,False,"['0.0001', '0.001']",440000,0,https://public.mocortech.com/coin/F202308151846507487G0S38VVLtdPsJ.png,458,128f589271cb4951b03e71e6323eb7be,1428ddbdaa64489e9ce46add8d539eae,1692105013000,0,1,True,False,True,INCREASE,True,,,
SHIB_USDT,SHIB_USDT永续,SHIB_USDT PERPETUAL,3,SHIB,USDT,SHIB,USDT,1,USDT,1000.0,1,200,0,9,0,4,1e-09,1,1,100000000,0.2,0.2,0.0,0,0.004,0.005,100000000,100000000,0,0.056,0.095,1,0.2,"['BITGET', 'BINANCE', 'OKX', 'MEXC']",0,False,False,False,"['mc-trade-zone-0fees', 'mc-trade-zone-MEME']","[45, 29]",BY_VOLUME,"[200, 50]",20,0.2,0.005,0.1,0,0,0,False,"['0.000000001', '0.00000001', '0.0000001']",100000000,0,https://public.mocortech.com/coin/F20241126152915716w2P8caL5bHpBoa.png,126,128f589271cb4951b03e71e6323eb7be,cf58eaf40d9c4d279073f98eba70efd0,1620709589000,0,1,True,False,True,INCREASE,True,,,
SOL_USDT,SOL_USDT永续,SOL_USDT PERPETUAL,3,SOL,USDT,SOL,USDT,1,USDT,0.1,1,200,0,2,0,4,0.01,1,1,150000,0.1,0.1,0.0,0,0.004,0.005,700000,700000,0,0.056,0.095,1,0.2,"['BITGET', 'BYBIT', 'BINANCE', 'HTX', 'OKX', 'MEXC', 'KUCOIN']",0,False,True,False,"['mc-trade-zone-0fees', 'mc-trade-zone-SOL']","[45, 37]",BY_VOLUME,"[200, 50]",20,0.2,0.005,0.1,0,0,0,False,"['0.01', '0.1', '1']",900000,0,https://public.mocortech.com/coin/F20250215193518264H6zzNm9ofQqCcy.png,51,128f589271cb4951b03e71e6323eb7be,8dedc95886d14867ad9a1668a38666db,1601014066000,0,1,True,False,True,INCREASE,True,,,
SONIC_USDT,SONIC_USDT永续,SONIC_USDT PERPETUAL,3,SONIC,USDT,SONIC,USDT,1,USDT,1.0,1,50,0,4,0,4,0.0001,1,1,200000,0.2,0.2,0.0,0,0.01,0.02,200000,200000,0,0.005,0.005,1,0.2,"['BITGET', 'BYBIT', 'OKX', 'MEXC', 'KUCOIN']",0,False,False,False,['mc-trade-zone-0fees'],[45],BY_VOLUME,"[200, 50]",20,0.2,0.005,0.1,0,0,0,False,"['0.0001', '0.001']",200000,0,https://public.mocortech.com/coin/F20250105114104244JjW2oEXY0zqrPy.jpeg,908,128f589271cb4951b03e71e6323eb7be,5a9da9536af84dd2a90fa4642bd903bc,1736139897000,1736251380000,1,True,False,True,INCREASE,True,,,
STRK_USDT,STRK_USDT永续,STRK_USDT PERPETUAL,3,STRK,USDT,STRK,USDT,1,USDT,1.0,1,100,0,4,0,4,0.0001,1,1,1200000,0.2,0.2,0.0,0,0.005,0.01,1200000,1200000,0,0.055,0.09,1,0.2,"['BITGET', 'BYBIT', 'BINANCE', 'OKX', 'MEXC', 'KUCOIN']",0,False,False,False,['mc-trade-zone-0fees'],[45],BY_VOLUME,"[200, 50]",20,0.2,0.005,0.1,0,0,0,False,"['0.0001', '0.001']",1200000,0,https://public.mocortech.com/coin/F20240215190414242RIblugTzeZvbbH.png,541,128f589271cb4951b03e71e6323eb7be,4a416f6f4b91403595a73d144f84bfe0,1708437643000,0,1,True,False,True,INCREASE,True,,,
STX_USDT,STX_USDT永续,STX_USDT PERPETUAL,3,STX,USDT,STX,USDT,1,USDT,10.0,1,200,0,4,0,4,0.0001,1,1,128000,0.2,0.2,0.0,0,0.004,0.005,128000,128000,0,0.056,0.095,1,0.2,"['BITGET', 'BYBIT', 'BINANCE', 'OKX', 'MEXC', 'KUCOIN']",0,False,False,False,"['mc-trade-zone-0fees', 'mc-trade-zone-web3']","[45, 19]",BY_VOLUME,"[200, 50]",20,0.2,0.005,0.1,0,0,0,False,"['0.0001', '0.001', '0.01']",128000,0,https://public.mocortech.com/coin/F20230307153540522JzY7Bv8OiPjTH1.png,329,128f589271cb4951b03e71e6323eb7be,80978117d6834f968cefd7d4f73e68d5,1676865206000,0,1,True,False,True,INCREASE,True,,,
SUI_USDT,SUI_USDT永续,SUI_USDT PERPETUAL,3,SUI,USDT,SUI,USDT,1,USDT,1.0,1,200,0,4,0,4,0.0001,1,1,750000,0.2,0.2,0.0,0,0.004,0.005,750000,750000,0,0.056,0.095,1,0.2,"['BYBIT', 'BINANCE', 'HTX', 'OKX', 'MEXC']",0,False,True,False,['mc-trade-zone-0fees'],[45],BY_VOLUME,"[200, 50]",20,0.2,0.005,0.1,0,0,0,False,"['0.0001', '0.001', '0.01']",750000,0,https://public.mocortech.com/coin/F20230701204625023Ffq5nn4ft0F4k9.png,397,128f589271cb4951b03e71e6323eb7be,0c03efabdc2e45bc8086372dda899ac5,1683115171000,0,1,True,False,True,INCREASE,True,,,
S_USDT,S_USDT永续,S_USDT PERPETUAL,3,S,USDT,S,USDT,1,USDT,1.0,1,50,0,4,0,4,0.0001,1,1,2600000,0.2,0.2,0.0,0,0.01,0.02,2600000,2600000,0,0.005,0.005,1,0.2,"['BITGET', 'BYBIT', 'BINANCE', 'OKX', 'MEXC']",0,False,False,False,['mc-trade-zone-0fees'],[45],BY_VOLUME,"[200, 50]",20,0.2,0.005,0.1,0,0,0,False,"['0.0001', '0.001']",2600000,0,https://public.mocortech.com/coin/F202501071333079617AUqzuQm501APl.png,939,128f589271cb4951b03e71e6323eb7be,ac344395e3e9444aae673bef735f916d,1736481350000,0,1,False,False,True,INCREASE,True,,,
TAO_USDT,TAO_USDT永续,TAO_USDT PERPETUAL,3,TAO,USDT,TAO,USDT,1,USDT,0.01,1,200,0,1,0,4,0.1,1,1,450000,0.2,0.2,0.0,0,0.004,0.005,450000,450000,0,0.056,0.095,1,0.2,"['BITGET', 'BINANCE', 'KUCOIN']",0,False,False,False,"['mc-trade-zone-0fees', 'mc-trade-zone-ai']","[45, 23]",BY_VOLUME,"[200, 50]",20,0.2,0.005,0.1,0,0,0,False,"['0.1', '1']",450000,0,https://public.mocortech.com/coin/F20240703110927545DFbHsKjteBFTqu.png,531,128f589271cb4951b03e71e6323eb7be,c3e65cd2e516470a840a0cd0fcf78ad7,1706670696000,0,1,True,False,True,INCREASE,True,,,
THE_USDT,THE_USDT永续,THE_USDT PERPETUAL,3,THE,USDT,THE,USDT,1,USDT,1.0,1,100,0,4,0,4,0.0001,1,1,1200000,0.2,0.2,0.0,0,0.005,0.01,1200000,1200000,0,0.005,0.005,1,0.2,"['BINANCE', 'GATEIO', 'MEXC']",0,False,False,False,['mc-trade-zone-0fees'],[45],BY_VOLUME,"[200, 50]",20,0.2,0.005,0.1,0,0,0,False,"['0.0001', '0.001']",1200000,0,https://public.mocortech.com/coin/F20241126175208476JQGLotFPH5IteQ.png,824,128f589271cb4951b03e71e6323eb7be,85d9f11a531d4aada3853c950a0fafea,1732623934000,0,3,True,False,True,INCREASE,True,,,
TIA_USDT,TIA_USDT永续,TIA_USDT PERPETUAL,3,TIA,USDT,TIA,USDT,1,USDT,1.0,1,200,0,3,0,4,0.001,1,1,260000,0.2,0.2,0.0,0,0.004,0.005,260000,260000,0,0.056,0.095,1,0.2,"['BITGET', 'BYBIT', 'BINANCE', 'OKX', 'MEXC', 'KUCOIN']",0,False,False,False,['mc-trade-zone-0fees'],[45],BY_VOLUME,"[200, 50]",20,0.2,0.005,0.1,0,0,0,False,"['0.001', '0.01']",260000,0,https://public.mocortech.com/coin/F20231031225401988bsLEvbWO3Aipw6.jpg,485,128f589271cb4951b03e71e6323eb7be,0356893b83b4453b8031acba0c877c59,1698766130000,0,1,True,False,True,INCREASE,True,,,
TOKEN_USDT,TOKEN_USDT永续,TOKEN_USDT PERPETUAL,3,TOKEN,USDT,TOKEN,USDT,1,USDT,100.0,1,50,0,5,0,4,1e-05,1,1,120000,0.2,0.2,0.0,0,0.004,0.02,120000,120000,0,0.004,0.004,1,0.2,"['BYBIT', 'MEXC', 'KUCOIN']",0,False,False,False,['mc-trade-zone-0fees'],[45],BY_VOLUME,"[200, 50]",20,0.2,0.005,0.1,0,0,0,False,"['0.00001', '0.0001', '0.001']",120000,0,https://public.mocortech.com/coin/F20231102223032681iZfd6CjiUN1sSE.png,488,128f589271cb4951b03e71e6323eb7be,0f66cae2f8dc478ea95b4208585c3772,1699013318000,0,1,True,False,True,INCREASE,True,,,
TONCOIN_USDT,TON_USDT永续,TON_USDT PERPETUAL,3,TONCOIN,USDT,TON,USDT,1,USDT,1.0,1,200,0,3,0,4,0.001,1,1,225000,0.2,0.2,0.0,0,0.004,0.005,225000,225000,0,0.056,0.095,1,0.2,"['BYBIT', 'BINANCE', 'OKX', 'MEXC', 'KUCOIN']",0,False,False,False,[],[],BY_VOLUME,"[200, 50]",20,0.2,0.005,0.1,0,0,0,False,"['0.001', '0.01', '0.1']",225000,0,https://public.mocortech.com/coin/F20250226182517750NqpzAiIvLHjgnb.png,184,128f589271cb4951b03e71e6323eb7be,d50f72a82921467ebf1df6fdc458de7e,1636797086000,0,1,True,False,True,INCREASE,True,,,
TRUMPOFFICIAL_USDT,TRUMP_USDT永续,TRUMP_USDT PERPETUAL,3,TRUMPOFFICIAL,USDT,TRUMP,USDT,1,USDT,0.1,1,50,0,3,0,4,0.001,1,1,900000,0.2,0.2,0.0,0,0.01,0.02,900000,900000,0,0.005,0.005,1,0.2,"['BITGET', 'BYBIT', 'BINANCE', 'HTX', 'OKX', 'MEXC']",0,False,False,False,['mc-trade-zone-0fees'],[45],BY_VOLUME,"[200, 50]",20,0.2,0.005,0.1,0,0,0,False,"['0.001', '0.01', '0.1']",900000,0,https://public.mocortech.com/coin/F20250118110413810TOihgQk8k0B2el.png,981,128f589271cb4951b03e71e6323eb7be,10b0afc1bd53460a92cfd3eab4a4f9b4,1737171820000,0,1,False,False,True,INCREASE,True,,,
TRU_USDT,TRU_USDT永续,TRU_USDT PERPETUAL,3,TRU,USDT,TRU,USDT,1,USDT,10.0,1,200,0,5,0,4,1e-05,1,1,465000,0.2,0.2,0.0,0,0.004,0.005,465000,465000,0,0.004,0.004,1,0.2,"['BITGET', 'BINANCE', 'MEXC', 'KUCOIN']",0,False,False,False,['mc-trade-zone-0fees'],[45],BY_VOLUME,"[200, 50]",20,0.2,0.005,0.1,0,0,0,False,"['0.00001', '0.0001']",465000,0,https://public.mocortech.com/coin/F20210517145708266FEujvQwDFkSbbI.png,334,128f589271cb4951b03e71e6323eb7be,2c8b28dd099e495e964e8d375817ec96,1678352484000,0,1,True,False,True,INCREASE,True,,,
TST_USDT,TST_USDT永续,TST_USDT PERPETUAL,3,TST,USDT,TST,USDT,1,USDT,10.0,1,50,0,4,0,4,0.0001,1,1,330000,0.2,0.2,0.0,0,0.01,0.02,330000,330000,0,0.005,0.005,1,0.2,"['BINANCE', 'HTX', 'MEXC']",0,False,False,False,['mc-trade-zone-0fees'],[45],BY_VOLUME,"[200, 50]",20,0.2,0.005,0.1,0,0,0,False,"['0.0001', '0.001']",330000,0,https://public.mocortech.com/coin/F20250209235227604q7nUafCMQzZsDO.png,1030,128f589271cb4951b03e71e6323eb7be,da5790869b5e4c8eb79663b1c325136a,1739025873000,0,1,False,False,True,INCREASE,True,,,
TURBO_USDT,TURBO_USDT永续,TURBO_USDT PERPETUAL,3,TURBO,USDT,TURBO,USDT,1,USDT,10000.0,1,200,0,6,0,4,1e-06,1,1,13000,0.2,0.2,0.0,0,0.004,0.005,13000,13000,0,0.056,0.095,1,0.2,"['BITGET', 'HTX', 'OKX', 'MEXC']",0,False,False,False,"['mc-trade-zone-0fees', 'mc-trade-zone-MEME']","[45, 29]",BY_VOLUME,"[200, 50]",20,0.2,0.005,0.1,0,0,0,False,"['0.000001', '0.00001', '0.0001']",13000,0,https://public.mocortech.com/coin/F202305041644443878ibxY7rguC6uW3.png,401,128f589271cb4951b03e71e6323eb7be,2b353afe67724e31bd613eaede2897ea,1683287158000,0,1,True,False,True,INCREASE,True,,,
UNI_USDT,UNI_USDT永续,UNI_USDT PERPETUAL,3,UNI,USDT,UNI,USDT,1,USDT,0.1,1,200,0,3,0,4,0.001,1,1,1500000,0.2,0.2,0.0,0,0.004,0.005,1500000,1500000,0,0.056,0.095,1,0.2,"['BYBIT', 'BINANCE', 'OKX', 'MEXC']",0,False,False,False,"['mc-trade-zone-0fees', 'mc-trade-zone-Arbitrum']","[45, 24]",BY_VOLUME,"[200, 50]",20,0.2,0.005,0.1,0,0,0,False,"['0.001', '0.01', '0.1']",1500000,0,https://public.mocortech.com/coin/F20230701205659341Duw82LzWCrhdId.png,48,128f589271cb4951b03e71e6323eb7be,2a1dcb4d8f5e4056837b867374837bdc,1600320623000,0,1,True,False,True,INCREASE,True,,,
USUAL_USDT,USUAL_USDT永续,USUAL_USDT PERPETUAL,3,USUAL,USDT,USUAL,USDT,1,USDT,1.0,1,100,0,4,0,4,0.0001,1,1,300000,0.2,0.2,0.0,0,0.005,0.01,300000,300000,0,0.055,0.09,1,0.2,"['BITGET', 'BINANCE', 'MEXC', 'KUCOIN']",0,False,False,False,['mc-trade-zone-0fees'],[45],BY_VOLUME,"[200, 50]",20,0.2,0.005,0.1,0,0,0,False,"['0.0001', '0.001']",300000,0,https://public.mocortech.com/coin/F20241116145404422AYPVkI6AJd8yEL.jpeg,879,128f589271cb4951b03e71e6323eb7be,9f81b6831f8c4df38b66de34edf154be,1734428200000,1734519660000,1,True,False,True,INCREASE,True,,,
VELO_USDT,VELO_USDT永续,VELO_USDT PERPETUAL,3,VELO,USDT,VELO,USDT,1,USDT,1000.0,1,100,0,6,0,4,1e-06,1,1,3500,0.2,0.2,0.0,0,0.005,0.01,3500,3500,0,0.005,0.005,1,0.2,"['BYBIT', 'OKX', 'MEXC', 'KUCOIN']",0,False,False,False,['mc-trade-zone-0fees'],[45],BY_VOLUME,"[200, 50]",20,0.2,0.005,0.1,0,0,0,False,"['0.000001', '0.00001']",3500,0,https://public.mocortech.com/coin/F20210517114803216wR6LmVze9hA5eJ.png,422,128f589271cb4951b03e71e6323eb7be,df5f59b122af40c990e95d7e9bb5a257,1685328764000,0,1,True,False,True,INCREASE,True,,,
VET_USDT,VET_USDT永续,VET_USDT PERPETUAL,3,VET,USDT,VET,USDT,1,USDT,1.0,1,125,0,5,0,4,1e-05,1,1,18000000,0.1,0.1,0.0,0,0.004,0.008,18000000,18000000,0,0.056,0.092,1,0.2,"['BINANCE', 'MEXC', 'KUCOIN']",0,False,False,False,['mc-trade-zone-0fees'],[45],BY_VOLUME,"[200, 50]",20,0.2,0.005,0.1,0,0,0,False,"['0.00001', '0.0001', '0.001']",18000000,0,https://public.mocortech.com/coin/F20210517095705452D7KG2ODy2Dyyn4.png,122,128f589271cb4951b03e71e6323eb7be,d41674cc9b994974b18a40fe2ba7a2ef,1619621849000,0,1,True,False,True,INCREASE,True,,,
VINE_USDT,VINE_USDT永续,VINE_USDT PERPETUAL,3,VINE,USDT,VINE,USDT,1,USDT,10.0,1,20,0,5,0,4,1e-05,1,1,280000,0.5,0.5,0.0,0,0.004,0.05,280000,280000,0,0.004,0.004,1,0.2,"['BITGET', 'GATEIO', 'MEXC']",0,False,False,False,['mc-trade-zone-0fees'],[45],BY_VOLUME,"[200, 50]",20,0.2,0.005,0.1,0,0,0,False,"['0.00001', '0.0001']",280000,0,https://public.mocortech.com/coin/F20250123115325084N4vCD8QWtM5c4Q.png,1000,128f589271cb4951b03e71e6323eb7be,9328b4a7dcf34b8a92f5a02000fd37ef,1737608292000,0,1,False,False,True,INCREASE,True,,,
VIRTUAL_USDT,VIRTUAL_USDT永续,VIRTUAL_USDT PERPETUAL,3,VIRTUAL,USDT,VIRTUAL,USDT,1,USDT,10.0,1,100,0,4,0,4,0.0001,1,1,30000,0.2,0.2,0.0,0,0.005,0.01,30000,30000,0,0.055,0.09,1,0.2,"['BITGET', 'BYBIT', 'MEXC', 'KUCOIN']",0,False,False,False,['mc-trade-zone-0fees'],[45],BY_VOLUME,"[200, 50]",20,0.2,0.005,0.1,0,0,0,False,"['0.0001', '0.001']",30000,0,https://public.mocortech.com/coin/F20240515001849954jLDCbmTi3BHiZv.png,745,128f589271cb4951b03e71e6323eb7be,26f43225cc144e0cba61d2705ec438f3,1730457954000,1730458680000,1,True,False,True,INCREASE,True,,,
VRA_USDT,VRA_USDT永续,VRA_USDT PERPETUAL,3,VRA,USDT,VRA,USDT,1,USDT,100.0,1,20,0,6,0,4,1e-06,1,1,600000,0.2,0.2,0.0,0,0.02,0.05,600000,600000,0,0.01,0.01,1,0.2,"['BITGET', 'BYBIT', 'HTX', 'OKX', 'MEXC', 'KUCOIN']",0,False,False,False,['mc-trade-zone-0fees'],[45],BY_VOLUME,"[200, 50]",20,0.2,0.005,0.1,0,0,0,False,"['0.000001', '0.00001', '0.0001']",600000,0,https://public.mocortech.com/coin/F20210423121833499fYJgu4bwqiafpL.png,235,128f589271cb4951b03e71e6323eb7be,848f20c2040749fa926ce98eeb8d1f03,1644833797000,0,1,True,False,True,INCREASE,True,,,
WIF_USDT,WIF_USDT永续,WIF_USDT PERPETUAL,3,WIF,USDT,WIF,USDT,1,USDT,10.0,1,200,0,4,0,4,0.0001,1,1,450000,0.2,0.2,0.0,0,0.004,0.005,450000,450000,0,0.056,0.095,1,0.2,"['BITGET', 'BINANCE', 'MEXC', 'KUCOIN']",0,False,False,False,['mc-trade-zone-SOL'],[37],BY_VOLUME,"[200, 50]",20,0.2,0.005,0.1,0,0,0,False,"['0.0001', '0.001']",450000,0,https://public.mocortech.com/coin/F20231219191318351Xeny0cMPBV0kYH.png,525,128f589271cb4951b03e71e6323eb7be,8c38a12149224cb2ae86c068dc94b881,1704980313000,0,1,True,False,True,INCREASE,True,,,
WLD_USDT,WLD_USDT永续,WLD_USDT PERPETUAL,3,WLD,USDT,WLD,USDT,1,USDT,1.0,1,200,0,4,0,4,0.0001,1,1,1700000,0.2,0.2,0.0,0,0.004,0.005,1700000,1700000,0,0.056,0.095,1,0.2,"['BYBIT', 'BINANCE', 'MEXC', 'KUCOIN']",0,False,False,False,"['mc-trade-zone-0fees', 'mc-trade-zone-ai']","[45, 23]",BY_VOLUME,"[200, 50]",20,0.2,0.005,0.1,0,0,0,False,"['0.0001', '0.001', '0.01', '0.1']",1700000,0,https://public.mocortech.com/coin/F20230724174417913icp2ckN6BnSXAX.jpg,452,128f589271cb4951b03e71e6323eb7be,b101314fe95c4e319f8187b2ded32ce9,1690190939000,0,1,True,False,True,INCREASE,True,,,
XAI_USDT,XAI_USDT永续,XAI_USDT PERPETUAL,3,XAI,USDT,XAI,USDT,1,USDT,10.0,1,50,0,4,0,4,0.0001,1,1,300000,0.2,0.2,0.0,0,0.01,0.02,300000,300000,0,0.005,0.005,1,0.2,"['BYBIT', 'BINANCE', 'MEXC', 'KUCOIN']",0,False,False,False,['mc-trade-zone-0fees'],[45],BY_VOLUME,"[200, 50]",20,0.2,0.005,0.1,0,0,0,False,"['0.0001', '0.001']",300000,0,https://public.mocortech.com/coin/F20240106173930004y5h7xj2Zs79bSK.png,524,128f589271cb4951b03e71e6323eb7be,6f13697774a74cf4a195170dbae67562,1704882871000,0,1,True,False,True,INCREASE,True,,,
XLM_USDT,XLM_USDT永续,XLM_USDT PERPETUAL,3,XLM,USDT,XLM,USDT,1,USDT,10.0,1,200,0,5,0,4,1e-05,1,1,320000,0.1,0.1,0.0,0,0.004,0.005,320000,320000,0,0.056,0.095,1,0.2,"['BYBIT', 'BINANCE', 'OKX', 'MEXC', 'KUCOIN']",0,False,False,False,['mc-trade-zone-0fees'],[45],BY_VOLUME,"[200, 50]",20,0.2,0.005,0.1,0,0,0,False,"['0.00001', '0.0001', '0.001']",320000,0,https://public.mocortech.com/coin/F20210422173954112qjjSI1PpY4Ej7v.png,65,128f589271cb4951b03e71e6323eb7be,c6af7cad34bb42869e5bbe06731f28d8,1603174391000,0,1,True,False,True,INCREASE,True,,,
ZIL_USDT,ZIL_USDT永续,ZIL_USDT PERPETUAL,3,ZIL,USDT,ZIL,USDT,1,USDT,10.0,1,125,0,5,0,4,1e-05,1,1,3500000,0.2,0.2,0.0,0,0.004,0.008,3500000,3500000,0,0.056,0.092,1,0.2,"['BITGET', 'BYBIT', 'BINANCE', 'OKX', 'MEXC', 'KUCOIN']",0,False,False,False,['mc-trade-zone-0fees'],[45],BY_VOLUME,"[200, 50]",20,0.2,0.005,0.1,0,0,0,False,"['0.00001', '0.0001', '0.001']",3500000,0,https://public.mocortech.com/coin/F20210517094645418bviXde0v0HdS3t.png,66,128f589271cb4951b03e71e6323eb7be,bc9e699966b64847889a54f7036caa2b,1603252052000,0,1,True,False,True,INCREASE,True,,,
ZKSYNC_USDT,ZK_USDT永续,ZK_USDT PERPETUAL,3,ZKSYNC,USDT,ZK,USDT,1,USDT,10.0,1,75,0,4,0,4,0.0001,1,1,270000,0.2,0.2,0.0,0,0.007,0.0133,270000,270000,0,0.005,0.005,1,0.2,"['BITGET', 'BYBIT', 'BINANCE', 'OKX', 'MEXC', 'KUCOIN']",0,False,False,False,['mc-trade-zone-0fees'],[45],BY_VOLUME,"[200, 50]",20,0.2,0.005,0.1,0,0,0,False,"['0.0001', '0.001']",270000,0,https://public.mocortech.com/coin/F20240617113659294rVhZxa1Fyk9W4J.png,602,128f589271cb4951b03e71e6323eb7be,10d4d2f4496c457c94eddb8843b936e1,1718623625000,0,1,True,False,True,INCREASE,True,,,
